-- phpMyAdmin SQL Dump
-- version 4.8.5
-- https://www.phpmyadmin.net/
--
-- Host: 127.0.0.1
-- Generation Time: Feb 12, 2020 at 04:01 PM
-- Server version: 10.1.38-MariaDB
-- PHP Version: 7.3.4

SET SQL_MODE = "NO_AUTO_VALUE_ON_ZERO";
SET AUTOCOMMIT = 0;
START TRANSACTION;
SET time_zone = "+00:00";


/*!40101 SET @OLD_CHARACTER_SET_CLIENT=@@CHARACTER_SET_CLIENT */;
/*!40101 SET @OLD_CHARACTER_SET_RESULTS=@@CHARACTER_SET_RESULTS */;
/*!40101 SET @OLD_COLLATION_CONNECTION=@@COLLATION_CONNECTION */;
/*!40101 SET NAMES utf8mb4 */;

--
-- Database: `hostel`
--

-- --------------------------------------------------------

--
-- Table structure for table `admin`
--

CREATE TABLE `admin` (
  `admin_id` int(50) NOT NULL,
  `username` varchar(50) NOT NULL,
  `admin_email` varchar(50) NOT NULL,
  `admin_Phonenumber` bigint(10) NOT NULL,
  `password` varchar(200) NOT NULL
) ENGINE=InnoDB DEFAULT CHARSET=latin1;

--
-- Dumping data for table `admin`
--

INSERT INTO `admin` (`admin_id`, `username`, `admin_email`, `admin_Phonenumber`, `password`) VALUES
(1, 'meet', 'abc@gmail.com', 9106627109, '$2y$10$xJKxzlZbwCHOSNdrslmypeLcF0QVJFK.r/Ek2AzoselSs7ki0Pbqe');

-- --------------------------------------------------------

--
-- Table structure for table `application`
--

CREATE TABLE `application` (
  `Application_id` int(100) NOT NULL,
  `Student_id` varchar(255) NOT NULL,
  `Hostel_id` int(10) NOT NULL,
  `Application_status` tinyint(1) DEFAULT NULL,
  `Room_No` int(10) DEFAULT NULL,
  `Message` varchar(255) DEFAULT NULL
) ENGINE=InnoDB DEFAULT CHARSET=latin1;

--
-- Dumping data for table `application`
--

INSERT INTO `application` (`Application_id`, `Student_id`, `Hostel_id`, `Application_status`, `Room_No`, `Message`) VALUES
(1, 'B160497CS', 1, 1, NULL, 'I am a handicapped, so I would like to have a room at ground floor '),
(2, '1', 2, 1, NULL, '');

-- --------------------------------------------------------

--
-- Table structure for table `hostel`
--

CREATE TABLE `hostel` (
  `Hostel_id` int(10) NOT NULL,
  `Hostel_name` varchar(255) NOT NULL,
  `current_no_of_rooms` varchar(255) DEFAULT NULL,
  `No_of_rooms` varchar(255) DEFAULT NULL,
  `No_of_students` varchar(255) DEFAULT NULL
) ENGINE=InnoDB DEFAULT CHARSET=latin1;

--
-- Dumping data for table `hostel`
--

INSERT INTO `hostel` (`Hostel_id`, `Hostel_name`, `current_no_of_rooms`, `No_of_rooms`, `No_of_students`) VALUES
(1, 'A', NULL, '400', NULL),
(2, 'B', NULL, '400', NULL),
(3, 'C', NULL, '400', NULL),
(4, 'D', NULL, '400', NULL),
(5, 'E', NULL, '400', NULL),
(6, 'F', NULL, '400', NULL);

-- --------------------------------------------------------

--
-- Table structure for table `hostel_manager`
--

CREATE TABLE `hostel_manager` (
  `Hostel_man_id` int(10) NOT NULL,
  `Username` varchar(255) NOT NULL,
  `Fname` varchar(255) NOT NULL,
  `Lname` varchar(255) NOT NULL,
  `Mob_no` varchar(255) NOT NULL,
  `Hostel_id` int(10) NOT NULL,
  `Pwd` longtext NOT NULL,
  `Isadmin` tinyint(1) DEFAULT '0'
) ENGINE=InnoDB DEFAULT CHARSET=latin1;

--
-- Dumping data for table `hostel_manager`
--

INSERT INTO `hostel_manager` (`Hostel_man_id`, `Username`, `Fname`, `Lname`, `Mob_no`, `Hostel_id`, `Pwd`, `Isadmin`) VALUES
(1, 'meet', 'meet', 'vora', '123', 1, '$2y$10$I1QdCva12Rcmao6eEm1Cz.RuuHZAxEnqnrBCN/eCyvboq7IuDl7y6', 0),
(2, 'love', 'meet', 'vora', '999999999', 2, '$2y$10$I1QdCva12Rcmao6eEm1Cz.RuuHZAxEnqnrBCN/eCyvboq7IuDl7y6', 0);

-- --------------------------------------------------------

--
-- Table structure for table `message`
--

CREATE TABLE `message` (
  `msg_id` int(10) NOT NULL,
  `sender_id` varchar(255) DEFAULT NULL,
  `receiver_id` varchar(255) DEFAULT NULL,
  `hostel_id` int(10) DEFAULT NULL,
  `subject_h` varchar(255) DEFAULT NULL,
  `message` varchar(255) DEFAULT NULL,
  `msg_date` varchar(255) DEFAULT NULL,
  `msg_time` varchar(255) DEFAULT NULL
) ENGINE=InnoDB DEFAULT CHARSET=latin1;

--
-- Dumping data for table `message`
--

INSERT INTO `message` (`msg_id`, `sender_id`, `receiver_id`, `hostel_id`, `subject_h`, `message`, `msg_date`, `msg_time`) VALUES
(1, 'B160497CS', '3', 1, 'Ground Floor Request', 'sfdbfbdf', '2018-10-27', '09:14 PM'),
(2, '3', 'B160497CS', 1, 'DVDSG', 'DDSCSDV', '2018-10-27', '09:15PM'),
(3, '3', 'B160497CS', 1, 'wddwd', 'xssss', '2018-10-28', '09-16 PM'),
(4, 'B160498EE', '1', 3, 'ROOM NEAR TOILET', 'I would like to change my room as it is near toilet', '2018-10-27', '10:06 PM'),
(5, '1', 'B160498EE', 3, 'Room Near Toilet', 'cdsdgdfhdfh', '2018-10-27', '10:48 PM');

-- --------------------------------------------------------

--
-- Table structure for table `room`
--

CREATE TABLE `room` (
  `Room_id` int(10) NOT NULL,
  `Hostel_id` int(10) NOT NULL,
  `Room_No` int(10) NOT NULL,
  `Allocated` tinyint(1) DEFAULT '0'
) ENGINE=InnoDB DEFAULT CHARSET=latin1;

-- --------------------------------------------------------

--
-- Table structure for table `student`
--

CREATE TABLE `student` (
  `Student_id` varchar(255) NOT NULL,
  `Fname` varchar(255) NOT NULL,
  `Lname` varchar(255) NOT NULL,
  `Mob_no` varchar(255) NOT NULL,
  `Dept` varchar(255) NOT NULL,
  `Year_of_study` varchar(255) NOT NULL,
  `Pwd` longtext NOT NULL,
  `Hostel_id` int(10) DEFAULT NULL,
  `Room_id` int(10) DEFAULT NULL
) ENGINE=InnoDB DEFAULT CHARSET=latin1;

--
-- Dumping data for table `student`
--

INSERT INTO `student` (`Student_id`, `Fname`, `Lname`, `Mob_no`, `Dept`, `Year_of_study`, `Pwd`, `Hostel_id`, `Room_id`) VALUES
('1', 'l', 'l', '+919106627109', 'ce', '2', '$2y$10$pGwSPev0yCZk/EDVp1K04.E8dQS21kb2jei4.BBBp6wWuElDc.I12', NULL, NULL),
('2', 'meet', 'meet', '9876543210', 'ce', '4', '$2y$10$4CblCMAR1PoyWtCaYQlfQe2257pOwtTZqQSsAfztfkNTG0TTBZiFa', NULL, NULL),
('B160497CS', 'Prajwal', 'Ghoradkar', '09757318791', 'CSE', '3', '$2y$10$hGFfPexHXi.Ec.WVp3qK4.RG8yajZeO31LQ/aOeF6iRU9fk3IFrkq', NULL, NULL);

--
-- Indexes for dumped tables
--

--
-- Indexes for table `admin`
--
ALTER TABLE `admin`
  ADD PRIMARY KEY (`admin_id`);

--
-- Indexes for table `application`
--
ALTER TABLE `application`
  ADD PRIMARY KEY (`Application_id`),
  ADD KEY `Student_id` (`Student_id`),
  ADD KEY `Hostel_id` (`Hostel_id`);

--
-- Indexes for table `hostel`
--
ALTER TABLE `hostel`
  ADD PRIMARY KEY (`Hostel_id`);

--
-- Indexes for table `hostel_manager`
--
ALTER TABLE `hostel_manager`
  ADD PRIMARY KEY (`Hostel_man_id`),
  ADD UNIQUE KEY `Username` (`Username`),
  ADD KEY `Hostel_id` (`Hostel_id`);

--
-- Indexes for table `message`
--
ALTER TABLE `message`
  ADD PRIMARY KEY (`msg_id`),
  ADD KEY `hostel_id` (`hostel_id`);

--
-- Indexes for table `room`
--
ALTER TABLE `room`
  ADD PRIMARY KEY (`Room_id`),
  ADD KEY `Hostel_id` (`Hostel_id`);

--
-- Indexes for table `student`
--
ALTER TABLE `student`
  ADD PRIMARY KEY (`Student_id`),
  ADD KEY `Hostel_id` (`Hostel_id`),
  ADD KEY `Room_id` (`Room_id`);

--
-- AUTO_INCREMENT for dumped tables
--

--
-- AUTO_INCREMENT for table `admin`
--
ALTER TABLE `admin`
  MODIFY `admin_id` int(50) NOT NULL AUTO_INCREMENT, AUTO_INCREMENT=2;

--
-- AUTO_INCREMENT for table `application`
--
ALTER TABLE `application`
  MODIFY `Application_id` int(100) NOT NULL AUTO_INCREMENT, AUTO_INCREMENT=3;

--
-- AUTO_INCREMENT for table `hostel`
--
ALTER TABLE `hostel`
  MODIFY `Hostel_id` int(10) NOT NULL AUTO_INCREMENT, AUTO_INCREMENT=7;

--
-- AUTO_INCREMENT for table `hostel_manager`
--
ALTER TABLE `hostel_manager`
  MODIFY `Hostel_man_id` int(10) NOT NULL AUTO_INCREMENT, AUTO_INCREMENT=3;

--
-- AUTO_INCREMENT for table `message`
--
ALTER TABLE `message`
  MODIFY `msg_id` int(10) NOT NULL AUTO_INCREMENT, AUTO_INCREMENT=6;

--
-- AUTO_INCREMENT for table `room`
--
ALTER TABLE `room`
  MODIFY `Room_id` int(10) NOT NULL AUTO_INCREMENT;

--
-- Constraints for dumped tables
--

--
-- Constraints for table `application`
--
ALTER TABLE `application`
  ADD CONSTRAINT `Application_ibfk_1` FOREIGN KEY (`Student_id`) REFERENCES `student` (`Student_id`),
  ADD CONSTRAINT `Application_ibfk_2` FOREIGN KEY (`Hostel_id`) REFERENCES `hostel` (`Hostel_id`);

--
-- Constraints for table `hostel_manager`
--
ALTER TABLE `hostel_manager`
  ADD CONSTRAINT `Hostel_Manager_ibfk_1` FOREIGN KEY (`Hostel_id`) REFERENCES `hostel` (`Hostel_id`);

--
-- Constraints for table `message`
--
ALTER TABLE `message`
  ADD CONSTRAINT `Message_ibfk_1` FOREIGN KEY (`hostel_id`) REFERENCES `hostel` (`Hostel_id`);

--
-- Constraints for table `room`
--
ALTER TABLE `room`
  ADD CONSTRAINT `Room_ibfk_1` FOREIGN KEY (`Hostel_id`) REFERENCES `hostel` (`Hostel_id`);

--
-- Constraints for table `student`
--
ALTER TABLE `student`
  ADD CONSTRAINT `Student_ibfk_1` FOREIGN KEY (`Hostel_id`) REFERENCES `hostel` (`Hostel_id`),
  ADD CONSTRAINT `Student_ibfk_2` FOREIGN KEY (`Room_id`) REFERENCES `room` (`Room_id`);
COMMIT;

/*!40101 SET CHARACTER_SET_CLIENT=@OLD_CHARACTER_SET_CLIENT */;
/*!40101 SET CHARACTER_SET_RESULTS=@OLD_CHARACTER_SET_RESULTS */;
/*!40101 SET COLLATION_CONNECTION=@OLD_COLLATION_CONNECTION */;
